|3216|;|Species|;|1|;|0|;|0|;|[["Species", "UCSC Genome Browser Link"], ["Drosophila melanogaster (Fruit fly)", "<a href=\"http://genome.ucsc.edu/cgi-bin/hgTracks?db=dm3&position=chr3R:17,122,345-17,124,246\">dm3 chr3R:17,122,345-17,124,246</a>"]]|
|3217|;|Species|;|1|;|0|;|0|;|[["Species", "UCSC Genome Browser Link"], ["Phytophthora infestans (Potato late blight fungus)", "NULL"]]|
|3214|;|Species|;|1|;|0|;|0|;|[["Species", "UCSC Genome Browser Link"], ["Homo sapiens (Human)", "N/A"], ["Mus musculus (Mouse)", "<a href=\"http://genome.ucsc.edu/cgi-bin/hgTracks?db=mm9&position=chr17:29,194,419-29,215,906\">mm9 chr17:29,194,419-29,215,906</a>"]]|
|3215|;|Species|;|1|;|0|;|0|;|[["Species", "UCSC Genome Browser Link"], ["Arabidopsis thaliana (Mouse-ear cress)", "N/A"]]|
|3213|;|Species|;|1|;|0|;|0|;|[["Species", "UCSC Genome Browser Link"], ["Schizosaccharomyces pombe (Fission yeast)", "N/A"]]|
|3218|;|Species|;|1|;|0|;|0|;|[["Species", "UCSC Genome Browser Link"], ["Homo sapiens (Human)", "<a href=\"http://genome.ucsc.edu/cgi-bin/hgTracks?db=hg19&position=chr6:54,635,169-54,636,037\">hg19 chr6:54,635,169-54,636,037</a>"]]|
|3219|;|Species|;|1|;|0|;|0|;|[["Species", "UCSC Genome Browser Link"], ["Homo sapiens (Human)", "<a href=\"http://genome.ucsc.edu/cgi-bin/hgTracks?db=hg19&position=chr3:116,428,625-116,442,428\">hg19 chr3:116,428,625-116,442,428</a>"]]|
|3132|;|Species|;|1|;|0|;|0|;|[["Species", "UCSC Genome Browser Link"], ["Homo sapiens (Human)", "<a href=\"http://genome.ucsc.edu/cgi-bin/hgTracks?db=hg19&position=chr5:149,828,969-149,829,248\">hg19 chr5:149,828,969-149,829,248</a>"]]|
|3130|;|Species|;|1|;|0|;|0|;|[["Species", "UCSC Genome Browser Link"], ["Mus musculus (Mouse)", "<a href=\"http://genome.ucsc.edu/cgi-bin/hgTracks?db=mm9&position=chr1:152,006,173-152,012,078\">mm9 chr1:152,006,173-152,012,078</a>"]]|
|3137|;|Species|;|1|;|0|;|0|;|[["Species", "UCSC Genome Browser Link"], ["Apis mellifera (Honeybee)", "<a href=\"http://genome.ucsc.edu/cgi-bin/hgTracks?db=apiMel2&position=Group5:12,900,340-12,908,017\">apiMel2 Group5:12,900,340-12,908,017</a>"]]|
|3136|;|Species|;|1|;|0|;|0|;|[["Species", "UCSC Genome Browser Link"], ["Apis mellifera (Honeybee)", "<a href=\"http://genome.ucsc.edu/cgi-bin/hgTracks?db=apiMel2&position=Group1:13,193,409-13,210,806\">apiMel2 Group1:13,193,409-13,210,806</a>"]]|
|3138|;|Species|;|1|;|0|;|0|;|[["Species", "UCSC Genome Browser Link"], ["Homo sapiens (Human)", "<a href=\"http://genome.ucsc.edu/cgi-bin/hgTracks?db=hg19&position=chr14:101,361,107-101,373,305\">hg19 chr14:101,361,107-101,373,305</a>"], ["Ovis aries (Sheep)", "N/A"], ["Mus musculus (Mouse)", "<a href=\"http://genome.ucsc.edu/cgi-bin/hgTracks?db=mm9&position=chr12:110,842,155-110,899,921\">mm9 chr12:110,842,155-110,899,921</a>"]]|
|3093|;|Species|;|1|;|0|;|0|;|[["Species", "UCSC Genome Browser Link"], ["Canis familiaris (Dog)", "<a href=\"http://genome.ucsc.edu/cgi-bin/hgTracks?db=canFam2&position=chr18:54,725,564-54,732,921\">canFam2 chr18:54,725,564-54,732,921</a>"], ["Mus musculus (Mouse)", "<a href=\"http://genome.ucsc.edu/cgi-bin/hgTracks?db=mm9&position=chr19:5,795,690-5,802,671\">mm9 chr19:5,795,690-5,802,671</a>"], ["Equus caballus (Horse)", "<a href=\"http://genome.ucsc.edu/cgi-bin/hgTracks?db=equCab2&position=chr12:25,648,499-25,655,705\">equCab2 chr12:25,648,499-25,655,705</a>"], ["Homo sapiens (Human)", "<a href=\"http://genome.ucsc.edu/cgi-bin/hgTracks?db=hg19&position=chr11:65,265,233-65,273,939\">hg19 chr11:65,265,233-65,273,939</a>"], ["Monodelphis domestica (Short tailed grey opossum)", "<a href=\"http://genome.ucsc.edu/cgi-bin/hgTracks?db=monDom5&position=chr8:13,576,736-13,578,811\">monDom5 chr8:13,576,736-13,578,811</a>"], ["Danio rerio (Zebrafish)", "<a href=\"http://genome.ucsc.edu/cgi-bin/hgTracks?db=danRer7&position=chr14:48,566,202-48,573,730\">danRer7 chr14:48,566,202-48,573,730</a>"]]|
|3167|;|Species|;|1|;|0|;|0|;|[["Species", "UCSC Genome Browser Link"], ["Mus musculus (Mouse)", "N/A"]]|
|3095|;|Species|;|1|;|0|;|0|;|[["Species", "UCSC Genome Browser Link"], ["Bos taurus (Cattle)", "N/A"], ["Macaca fascicularis (Crab eating macaque)", "N/A"], ["Canis familiaris (Dog)", "N/A"], ["Pongo pygmaeus  (Bornean orangutan)", "<a href=\"http://genome.ucsc.edu/cgi-bin/hgTracks?db=ponAbe2&position=chr20_random:2,897,755-2,900,105\">ponAbe2 chr20_random:2,897,755-2,900,105</a>"], ["Pan troglodytes (Chimpanzee)", "<a href=\"http://genome.ucsc.edu/cgi-bin/hgTracks?db=panTro2&position=chr20:61,021,461-61,025,542\">panTro2 chr20:61,021,461-61,025,542</a>"], ["Homo sapiens (Human)", "<a href=\"http://genome.ucsc.edu/cgi-bin/hgTracks?db=hg19&position=chr20:61,732,644-61,735,737\">hg19 chr20:61,732,644-61,735,737</a>"]]|
|3094|;|Species|;|1|;|0|;|0|;|[["Species", "UCSC Genome Browser Link"], ["Homo sapiens (Human)", "<a href=\"http://genome.ucsc.edu/cgi-bin/hgTracks?db=hg19&position=chr11:65,273,588-65,273,645\">hg19 chr11:65,273,588-65,273,645</a>"], ["Gasterosteus aculeatus (Stickleback)", "N/A"], ["Canis familiaris (Dog)", "<a href=\"http://genome.ucsc.edu/cgi-bin/hgTracks?db=canFam2&position=chr18:54,725,738-54,725,785\">canFam2 chr18:54,725,738-54,725,785</a>"], ["Mus musculus (Mouse)", "<a href=\"http://genome.ucsc.edu/cgi-bin/hgTracks?db=mm9&position=chr19:5,795,924-5,795,981\">mm9 chr19:5,795,924-5,795,981</a>"], ["Xenopus tropicalis (Western clawed frog)", "N/A"]]|
|3281|;|Species|;|1|;|0|;|0|;|[["Species", "UCSC Genome Browser Link"], ["Homo sapiens (Human)", "<a href=\"http://genome.ucsc.edu/cgi-bin/hgTracks?db=hg&position=chr9:33,677,266-33,688,009\">hg chr9:33,677,266-33,688,009</a>"]]|
|3096|;|Species|;|1|;|0|;|0|;|[["Species", "UCSC Genome Browser Link"], ["Rattus norvegicus (Rat)", "<a href=\"http://genome.ucsc.edu/cgi-bin/hgTracks?db=rn4&position=chr1:202,822,926-202,825,601\">rn4 chr1:202,822,926-202,825,601</a>"], ["Canis familiaris (Dog)", "<a href=\"http://genome.ucsc.edu/cgi-bin/hgTracks?db=canFam2&position=chr18:49,228,076-49,230,776\">canFam2 chr18:49,228,076-49,230,776</a>"], ["Bos taurus (Cattle)", "<a href=\"http://genome.ucsc.edu/cgi-bin/hgTracks?db=bosTau4&position=chr29:51,364,542-51,366,914\">bosTau4 chr29:51,364,542-51,366,914</a>"], ["Pan troglodytes (Chimpanzee)", "<a href=\"http://genome.ucsc.edu/cgi-bin/hgTracks?db=panTro2&position=chr11:2,043,402-2,044,645\">panTro2 chr11:2,043,402-2,044,645</a>"], ["Mus musculus (Mouse)", "<a href=\"http://genome.ucsc.edu/cgi-bin/hgTracks?db=mm9&position=chr7:149,761,437-149,764,051\">mm9 chr7:149,761,437-149,764,051</a>"], ["Equus caballus (Horse)", "<a href=\"http://genome.ucsc.edu/cgi-bin/hgTracks?db=equCab2&position=chr12:30,527,700-30,530,105\">equCab2 chr12:30,527,700-30,530,105</a>"], ["Macaca mulatta  (Rhesus macaque)", "<a href=\"http://genome.ucsc.edu/cgi-bin/hgTracks?db=rheMac2&position=chr14:1,906,519-1,909,153\">rheMac2 chr14:1,906,519-1,909,153</a>"], ["Macropus eugenii (Tammar wallaby)", "N/A"], ["Homo sapiens (Human)", "<a href=\"http://genome.ucsc.edu/cgi-bin/hgTracks?db=hg19&position=chr11:2,016,406-2,019,065\">hg19 chr11:2,016,406-2,019,065</a>"], ["Monodelphis domestica (Short tailed grey opossum)", "N/A"]]|
|3263|;|Species|;|1|;|0|;|0|;|[["Species", "UCSC Genome Browser Link"], ["Mus musculus (Mouse)", "<a href=\"http://genome.ucsc.edu/cgi-bin/hgTracks?db=mm9&position=chr11:6,424,545-6,428,747\">mm9 chr11:6,424,545-6,428,747</a>"]]|
|3262|;|Species|;|1|;|0|;|0|;|[["Species", "UCSC Genome Browser Link"], ["Homo sapiens (Human)", "<a href=\"http://genome.ucsc.edu/cgi-bin/hgTracks?db=hg19&position=chrX:139,865,328-139,866,829\">hg19 chrX:139,865,328-139,866,829</a>"], ["Mus musculus (Mouse)", "<a href=\"http://genome.ucsc.edu/cgi-bin/hgTracks?db=mm10&position=chrX:61,183,236-61,186,179\">mm10 chrX:61,183,236-61,186,179</a>"]]|
|3261|;|Species|;|1|;|0|;|0|;|[["Species", "UCSC Genome Browser Link"], ["Mus musculus (Mouse)", "<a href=\"http://genome.ucsc.edu/cgi-bin/hgTracks?db=mm9&position=chr6:52,052,908-52,065,131\">mm9 chr6:52,052,908-52,065,131</a>"]]|
|3260|;|Species|;|1|;|0|;|0|;|[["Species", "UCSC Genome Browser Link"], ["Mus musculus (Mouse)", "<a href=\"http://genome.ucsc.edu/cgi-bin/hgTracks?db=mm9&position=chr8:89,996,711-90,049,453\">mm9 chr8:89,996,711-90,049,453</a>"]]|
|3267|;|Species|;|1|;|0|;|0|;|[["Species", "UCSC Genome Browser Link"], ["Homo sapiens (Human)", "<a href=\"http://genome.ucsc.edu/cgi-bin/hgTracks?db=hg19&position=chr6:36,641,398-36,642,903\">hg19 chr6:36,641,398-36,642,903</a>"]]|
|3266|;|Species|;|1|;|0|;|0|;|[["Species", "UCSC Genome Browser Link"], ["Mus musculus (Mouse)", "<a href=\"http://genome.ucsc.edu/cgi-bin/hgTracks?db=mm9&position=chr6:52,164,490-52,165,287\">mm9 chr6:52,164,490-52,165,287</a>"]]|
|3264|;|Species|;|1|;|0|;|0|;|[["Species", "UCSC Genome Browser Link"], ["Homo sapiens (Human)", "<a href=\"http://genome.ucsc.edu/cgi-bin/hgTracks?db=hg19&position=chr6:21,486,545-21,512,123\">hg19 chr6:21,486,545-21,512,123</a>"]]|
|3129|;|Species|;|1|;|0|;|0|;|[["Species", "UCSC Genome Browser Link"], ["Mus musculus (Mouse)", "<a href=\"http://genome.ucsc.edu/cgi-bin/hgTracks?db=mm9&position=chr3:34,670,997-34,681,268\">mm9 chr3:34,670,997-34,681,268</a>"]]|
|3164|;|Species|;|1|;|0|;|0|;|[["Species", "UCSC Genome Browser Link"], ["Homo sapiens (Human)", "<a href=\"http://genome.ucsc.edu/cgi-bin/hgTracks?db=hg19&position=chr6:136,265,389-136,282,959\">hg19 chr6:136,265,389-136,282,959</a>"]]|
|3146|;|Species|;|1|;|0|;|0|;|[["Species", "UCSC Genome Browser Link"], ["Homo sapiens (Human)", "<a href=\"http://genome.ucsc.edu/cgi-bin/hgTracks?db=hg19&position=chr3:50,137,036-50,138,421\">hg19 chr3:50,137,036-50,138,421</a>"]]|
|3190|;|Species|;|1|;|0|;|0|;|[["Species", "UCSC Genome Browser Link"], ["Homo sapiens (Human)", "<a href=\"http://genome.ucsc.edu/cgi-bin/hgTracks?db=hg19&position=chr6:52,860,418-52,860,749\">hg19 chr6:52,860,418-52,860,749</a>"]]|
|3192|;|Species|;|1|;|0|;|0|;|[["Species", "UCSC Genome Browser Link"], ["Dictyostelium discoideum (Slime mold)", "N/A"]]|
|3270|;|Species|;|1|;|0|;|0|;|[["Species", "UCSC Genome Browser Link"], ["Homo sapiens (Human)", "<a href=\"http://genome.ucsc.edu/cgi-bin/hgTracks?db=hg19&position=chr15:41,576,202-41,598,732\">hg19 chr15:41,576,202-41,598,732</a>"], ["Danio rerio (Zebrafish)", "<a href=\"http://genome.ucsc.edu/cgi-bin/hgTracks?db=danRer7&position=chr13:33,484,735-33,491,213\">danRer7 chr13:33,484,735-33,491,213</a>"], ["Mus musculus (Mouse)", "<a href=\"http://genome.ucsc.edu/cgi-bin/hgTracks?db=mm9&position=chr2:119,420,031-119,433,358\">mm9 chr2:119,420,031-119,433,358</a>"]]|
|3271|;|Species|;|1|;|0|;|0|;|[["Species", "UCSC Genome Browser Link"], ["Homo sapiens (Human)", "<a href=\"http://genome.ucsc.edu/cgi-bin/hgTracks?db=hg19&position=chr14:96,343,109-96,391,908\">hg19 chr14:96,343,109-96,391,908</a>"], ["Danio rerio (Zebrafish)", "<a href=\"http://genome.ucsc.edu/cgi-bin/hgTracks?db=danRer7&position=chr18:47976227-48008414\">danRer7 chr18:47976227-48008414</a>"], ["Mus musculus (Mouse)", "<a href=\"http://genome.ucsc.edu/cgi-bin/hgTracks?db=mm9&position=chr12:106,574,804-106,622,142\">mm9 chr12:106,574,804-106,622,142</a>"]]|
|3088|;|Species|;|1|;|0|;|0|;|[["Species", "UCSC Genome Browser Link"], ["Homo sapiens (Human)", "<a href=\"http://genome.ucsc.edu/cgi-bin/hgTracks?db=hg19&position=chr22:27,042,392-27,072,440\">hg19 chr22:27,042,392-27,072,440</a>"], ["Gallus Gallus (Chicken)", "<a href=\"http://genome.ucsc.edu/cgi-bin/hgTracks?db=galGal3&position=chr15:7,407,646-7,412,003\">galGal3 chr15:7,407,646-7,412,003</a>"], ["Mus musculus (Mouse)", "<a href=\"http://genome.ucsc.edu/cgi-bin/hgTracks?db=mm9&position=chr5:112,642,248-112,657,968\">mm9 chr5:112,642,248-112,657,968</a>"], ["Xenopus tropicalis (Western clawed frog)", "N/A"]]|
|3273|;|Species|;|1|;|0|;|0|;|[["Species", "UCSC Genome Browser Link"], ["Homo sapiens (Human)", "<a href=\"http://genome.ucsc.edu/cgi-bin/hgTracks?db=hg19&position=chr1:150488233-150490508\">hg19 chr1:150488233-150490508</a>"]]|
|3274|;|Species|;|1|;|0|;|0|;|[["Species", "UCSC Genome Browser Link"], ["Homo sapiens (Human)", "<a href=\"http://genome.ucsc.edu/cgi-bin/hgTracks?db=hg19&position=chr1:202,780,081-202,781,284\">hg19 chr1:202,780,081-202,781,284</a>"]]|
|3110|;|Species|;|1|;|0|;|0|;|[["Species", "UCSC Genome Browser Link"], ["Homo sapiens (Human)", "<a href=\"http://genome.ucsc.edu/cgi-bin/hgTracks?db=hg19&position=chr2:193,614,571-193,641,625\">hg19 chr2:193,614,571-193,641,625</a>"]]|
|3276|;|Species|;|1|;|0|;|0|;|[["Species", "UCSC Genome Browser Link"], ["Homo sapiens (Human)", "<a href=\"http://genome.ucsc.edu/cgi-bin/hgTracks?db=hg19&position=chr1:47,644,922-47,646,011\">hg19 chr1:47,644,922-47,646,011</a>"]]|
|3277|;|Species|;|1|;|0|;|0|;|[["Species", "UCSC Genome Browser Link"], ["Homo sapiens (Human)", "<a href=\"http://genome.ucsc.edu/cgi-bin/hgTracks?db=hg19&position=chr2:11534107-11543203\">hg19 chr2:11534107-11543203</a>"]]|
|3278|;|Species|;|1|;|0|;|0|;|[["Species", "UCSC Genome Browser Link"], ["Homo sapiens (Human)", "<a href=\"http://genome.ucsc.edu/cgi-bin/hgTracks?db=hg19&position=chr20:48657244-48658166\">hg19 chr20:48657244-48658166</a>"]]|
|3279|;|Species|;|1|;|0|;|0|;|[["Species", "UCSC Genome Browser Link"], ["Homo sapiens (Human)", "NULL"], ["Mus musculus (Mouse)", "<a href=\"http://genome.ucsc.edu/cgi-bin/hgTracks?db=mm9&position=chr1:20,659,963-20,673,039\">mm9 chr1:20,659,963-20,673,039</a>"]]|
|3081|;|Species|;|1|;|0|;|0|;|[["Species", "UCSC Genome Browser Link"], ["Homo sapiens (Human)", "<a href=\"http://genome.ucsc.edu/cgi-bin/hgTracks?db=hg19&position=chr11:117,162,062-117,162,857\">hg19 chr11:117,162,062-117,162,857</a>"], ["Mus musculus (Mouse)", "<a href=\"http://genome.ucsc.edu/cgi-bin/hgTracks?db=mm9&position=chr9:45,664,854-45,666,107\">mm9 chr9:45,664,854-45,666,107</a>"]]|
|3087|;|Species|;|1|;|0|;|0|;|[["Species", "UCSC Genome Browser Link"], ["Homo sapiens (Human)", "<a href=\"http://genome.ucsc.edu/cgi-bin/hgTracks?db=hg19&position=chr3:4,790,880-4,793,274\">hg19 chr3:4,790,880-4,793,274</a>"]]|
|3173|;|Species|;|1|;|0|;|0|;|[["Species", "UCSC Genome Browser Link"], ["Homo sapiens (Human)", "<a href=\"http://genome.ucsc.edu/cgi-bin/hgTracks?db=hg19&position=chr11:100,999,115-101,069,639\">hg19 chr11:100,999,115-101,069,639</a>"]]|
|3257|;|Species|;|1|;|0|;|0|;|[["Species", "UCSC Genome Browser Link"], ["Mus musculus (Mouse)", "<a href=\"http://genome.ucsc.edu/cgi-bin/hgTracks?db=mm9&position=chr6:93576998-93598520\">mm9 chr6:93576998-93598520</a>"]]|
|3171|;|Species|;|1|;|0|;|0|;|[["Species", "UCSC Genome Browser Link"], ["Homo sapiens (Human)", "<a href=\"http://genome.ucsc.edu/cgi-bin/hgTracks?db=hg19&position=chr7:27,224,136-27,228,912\">hg19 chr7:27,224,136-27,228,912</a>"], ["Mus musculus (Mouse)", "<a href=\"http://genome.ucsc.edu/cgi-bin/hgTracks?db=mm9&position=chr6:52,195,242-52,199,768\">mm9 chr6:52,195,242-52,199,768</a>"]]|
|3108|;|Species|;|1|;|0|;|0|;|[["Species", "UCSC Genome Browser Link"], ["Homo sapiens (Human)", "<a href=\"http://genome.ucsc.edu/cgi-bin/hgTracks?db=hg19&position=chr9:129170054-129172783\">hg19 chr9:129170054-129172783</a>"], ["Mus musculus (Mouse)", "<a href=\"http://genome.ucsc.edu/cgi-bin/hgTracks?db=mm9&position=chr2:33,661,336-33,669,111\">mm9 chr2:33,661,336-33,669,111</a>"]]|
|3241|;|Species|;|1|;|0|;|0|;|[["Species", "UCSC Genome Browser Link"], ["Homo sapiens (Human)", "<a href=\"http://genome.ucsc.edu/cgi-bin/hgTracks?db=hg19&position=chrX:73164159-73290217\">hg19 chrX:73164159-73290217</a>"], ["Mus musculus (Mouse)", "<a href=\"http://genome.ucsc.edu/cgi-bin/hgTracks?db=mm9&position=chrX:100688915-100701764\">mm9 chrX:100688915-100701764</a>"]]|
|3243|;|Species|;|1|;|0|;|0|;|[["Species", "UCSC Genome Browser Link"], ["Homo sapiens (Human)", "<a href=\"http://genome.ucsc.edu/cgi-bin/hgTracks?db=hg19&position=chr14:102,018,560-102,026,740\">hg19 chr14:102,018,560-102,026,740</a>"], ["Mus musculus (Mouse)", "<a href=\"http://genome.ucsc.edu/cgi-bin/hgTracks?db=mm9&position=chr12:111,513,595-111,517,534\">mm9 chr12:111,513,595-111,517,534</a>"]]|
|3242|;|Species|;|1|;|0|;|0|;|[["Species", "UCSC Genome Browser Link"], ["Homo sapiens (Human)", "<a href=\"http://genome.ucsc.edu/cgi-bin/hgTracks?db=hg19&position=chr18:54,721,802-54,739,350\">hg19 chr18:54,721,802-54,739,350</a>"]]|
|3102|;|Species|;|1|;|0|;|0|;|[["Species", "UCSC Genome Browser Link"], ["Homo sapiens (Human)", "NULL"], ["Rattus norvegicus (Rat)", "<a href=\"http://genome.ucsc.edu/cgi-bin/hgTracks?db=rn4&position=chr10:106,639,811-106,641,100\">rn4 chr10:106,639,811-106,641,100</a>"]]|
|3103|;|Species|;|1|;|0|;|0|;|[["Species", "UCSC Genome Browser Link"], ["Mus musculus (Mouse)", "<a href=\"http://genome.ucsc.edu/cgi-bin/hgTracks?db=mm9&position=chr13:98,252,910-98,259,655\">mm9 chr13:98,252,910-98,259,655</a>"]]|
|3101|;|Species|;|1|;|0|;|0|;|[["Species", "UCSC Genome Browser Link"], ["Homo sapiens (Human)", "<a href=\"http://genome.ucsc.edu/cgi-bin/hgTracks?db=hg19&position=chr11:2,661,768-2,721,228\">hg19 chr11:2,661,768-2,721,228</a>"], ["Mus musculus (Mouse)", "<a href=\"http://genome.ucsc.edu/cgi-bin/hgTracks?db=mm9&position=chr7:150,391,857-150,482,452\">mm9 chr7:150,391,857-150,482,452</a>"]]|
|3106|;|Species|;|1|;|0|;|0|;|[["Species", "UCSC Genome Browser Link"], ["Homo sapiens (Human)", "<a href=\"http://genome.ucsc.edu/cgi-bin/hgTracks?db=hg19&position=chr5:76,007,763-76,008,686\">hg19 chr5:76,007,763-76,008,686</a>"]]|
|3107|;|Species|;|1|;|0|;|0|;|[["Species", "UCSC Genome Browser Link"], ["Mus musculus (Mouse)", "<a href=\"http://genome.ucsc.edu/cgi-bin/hgTracks?db=mm9&position=chr2:147,009,819-147,157,417\">mm9 chr2:147,009,819-147,157,417</a>"]]|
|3104|;|Species|;|1|;|0|;|0|;|[["Species", "UCSC Genome Browser Link"], ["Homo sapiens (Human)", "<a href=\"http://genome.ucsc.edu/cgi-bin/hgTracks?db=hg19&position=chr14:101,292,445-101,327,368\">hg19 chr14:101,292,445-101,327,368</a>"], ["Ovis aries (Sheep)", "N/A"], ["Mus musculus (Mouse)", "<a href=\"http://genome.ucsc.edu/cgi-bin/hgTracks?db=mm9&position=chr12:110,779,206-110,809,939\">mm9 chr12:110,779,206-110,809,939</a>"]]|
|3105|;|Species|;|1|;|0|;|0|;|[["Species", "UCSC Genome Browser Link"], ["Homo sapiens (Human)", "<a href=\"http://genome.ucsc.edu/cgi-bin/hgTracks?db=hg19&position=chr11:65,190,269-65,213,011\">hg19 chr11:65,190,269-65,213,011</a>"], ["Rattus norvegicus (Rat)", "<a href=\"http://genome.ucsc.edu/cgi-bin/hgTracks?db=rn4&position=chr1:208,476,553-208,479,839\">rn4 chr1:208,476,553-208,479,839</a>"], ["Canis familiaris (Dog)", "<a href=\"http://genome.ucsc.edu/cgi-bin/hgTracks?db=canFam2&position=chr18:54,790,920-54,794,370\">canFam2 chr18:54,790,920-54,794,370</a>"], ["Mus musculus (Mouse)", "<a href=\"http://genome.ucsc.edu/cgi-bin/hgTracks?db=mm9&position=chr19:5,824,710-5,845,478\">mm9 chr19:5,824,710-5,845,478</a>"], ["Bos taurus (Cattle)", "<a href=\"http://genome.ucsc.edu/cgi-bin/hgTracks?db=bosTau4&position=chr29:45,474,755-45,478,113\">bosTau4 chr29:45,474,755-45,478,113</a>"]]|
|3224|;|Species|;|1|;|0|;|0|;|[["Species", "UCSC Genome Browser Link"], ["Human herpesvirus ", "NULL"]]|
|3258|;|Species|;|1|;|0|;|0|;|[["Species", "UCSC Genome Browser Link"], ["Mus musculus (Mouse)", "<a href=\"http://genome.ucsc.edu/cgi-bin/hgTracks?db=mm9&position=chr16:33,373,392-33,380,813\">mm9 chr16:33,373,392-33,380,813</a>"]]|
|3259|;|Species|;|1|;|0|;|0|;|[["Species", "UCSC Genome Browser Link"], ["Mus musculus (Mouse)", "<a href=\"http://genome.ucsc.edu/cgi-bin/hgTracks?db=mm9&position=chr16:50,526,343-50,559,543\">mm9 chr16:50,526,343-50,559,543</a>"]]|
|3178|;|Species|;|1|;|0|;|0|;|[["Species", "UCSC Genome Browser Link"], ["Homo sapiens (Human)", "<a href=\"http://genome.ucsc.edu/cgi-bin/hgTracks?db=hg19&position=chr14:57,279,901-57,397,550\">hg19 chr14:57,279,901-57,397,550</a>"], ["Mus musculus (Mouse)", "<a href=\"http://genome.ucsc.edu/cgi-bin/hgTracks?db=mm9&position=chr14:49,288,963-49,413,023\">mm9 chr14:49,288,963-49,413,023</a>"]]|
|3177|;|Species|;|1|;|0|;|0|;|[["Species", "UCSC Genome Browser Link"], ["Homo sapiens (Human)", "<a href=\"http://genome.ucsc.edu/cgi-bin/hgTracks?db=hg19&position=chr7:27,186,782-27,193,904\">hg19 chr7:27,186,782-27,193,904</a>"]]|
|3176|;|Species|;|1|;|0|;|0|;|[["Species", "UCSC Genome Browser Link"], ["Homo sapiens (Human)", "<a href=\"http://genome.ucsc.edu/cgi-bin/hgTracks?db=hg19&position=chr7:27,161,538-27,168,378\">hg19 chr7:27,161,538-27,168,378</a>"]]|
|3175|;|Species|;|1|;|0|;|0|;|[["Species", "UCSC Genome Browser Link"], ["Homo sapiens (Human)", "<a href=\"http://genome.ucsc.edu/cgi-bin/hgTracks?db=hg19&position=chr7:27,238,193-27,246,878\">hg19 chr7:27,238,193-27,246,878</a>"], ["Mus musculus (Mouse)", "<a href=\"http://genome.ucsc.edu/cgi-bin/hgTracks?db=mm9&position=chr6:52,212,769-52,217,597\">mm9 chr6:52,212,769-52,217,597</a>"]]|
|3256|;|Species|;|1|;|0|;|0|;|[["Species", "UCSC Genome Browser Link"], ["Mus musculus (Mouse)", "<a href=\"http://genome.ucsc.edu/cgi-bin/hgTracks?db=mm9&position=chr1:183,957,415-183,963,763\">mm9 chr1:183,957,415-183,963,763</a>"]]|
|3172|;|Species|;|1|;|0|;|0|;|[["Species", "UCSC Genome Browser Link"], ["Homo sapiens (Human)", "<a href=\"http://genome.ucsc.edu/cgi-bin/hgTracks?db=hg19&position=chr10:119,243,805-119,304,579\">hg19 chr10:119,243,805-119,304,579</a>"], ["Mus musculus (Mouse)", "<a href=\"http://genome.ucsc.edu/cgi-bin/hgTracks?db=mm9&position=chr19:59,499,594-59,533,125\">mm9 chr19:59,499,594-59,533,125</a>"]]|
|3254|;|Species|;|1|;|0|;|0|;|[["Species", "UCSC Genome Browser Link"], ["Homo sapiens (Human)", "<a href=\"http://genome.ucsc.edu/cgi-bin/hgTracks?db=hg19&position=chr5:87,688,109-87,732,764\">hg19 chr5:87,688,109-87,732,764</a>"], ["Monodelphis domestica (Short tailed grey opossum)", "<a href=\"http://genome.ucsc.edu/cgi-bin/hgTracks?db=monDom5&position=chr3:216,016,514-216,082,114\">monDom5 chr3:216,016,514-216,082,114</a>"], ["Mus musculus (Mouse)", "<a href=\"http://genome.ucsc.edu/cgi-bin/hgTracks?db=mm9&position=chr13:84,164,908-84,204,377\">mm9 chr13:84,164,908-84,204,377</a>"], ["Xenopus tropicalis (Western clawed frog)", "<a href=\"http://genome.ucsc.edu/cgi-bin/hgTracks?db=xenTro2&position=scaffold_76:2,445,974-2,477,062\">xenTro2 scaffold_76:2,445,974-2,477,062</a>"]]|
|3255|;|Species|;|1|;|0|;|0|;|[["Species", "UCSC Genome Browser Link"], ["Mus musculus (Mouse)", "<a href=\"http://genome.ucsc.edu/cgi-bin/hgTracks?db=mm9&position=chr10:91,544,491-91,627,923\">mm9 chr10:91,544,491-91,627,923</a>"]]|
|3183|;|Species|;|1|;|0|;|0|;|[["Species", "UCSC Genome Browser Link"], ["Homo sapiens (Human)", "<a href=\"http://genome.ucsc.edu/cgi-bin/hgTracks?db=hg19&position=chr6:8,652,369-8,654,079\">hg19 chr6:8,652,369-8,654,079</a>"], ["Macaca fascicularis (Crab eating macaque)", "N/A"], ["Pan troglodytes (Chimpanzee)", "<a href=\"http://genome.ucsc.edu/cgi-bin/hgTracks?db=panTro2&position=chr6:8,792,505-8,794,144\">panTro2 chr6:8,792,505-8,794,144</a>"], ["Papio ursinus (Baboon)", "N/A"], ["Macaca mulatta  (Rhesus macaque)", "<a href=\"http://genome.ucsc.edu/cgi-bin/hgTracks?db=rheMac2&position=chr4:8,590,149-8,591,785\">rheMac2 chr4:8,590,149-8,591,785</a>"]]|
|3187|;|Species|;|1|;|0|;|0|;|[["Species", "UCSC Genome Browser Link"], ["Homo sapiens (Human)", "<a href=\"http://genome.ucsc.edu/cgi-bin/hgTracks?db=hg19&position=chr9:33,673,502-33,677,418\">hg19 chr9:33,673,502-33,677,418</a>"]]|
|3185|;|Species|;|1|;|0|;|0|;|[["Species", "UCSC Genome Browser Link"], ["Arabidopsis thaliana (Mouse-ear cress)", "N/A"]]|
|3098|;|Species|;|1|;|0|;|0|;|[["Species", "UCSC Genome Browser Link"], ["Homo sapiens (Human)", "<a href=\"http://genome.ucsc.edu/cgi-bin/hgTracks?db=hg19&position=chr7:27,135,743-27,139,584\">hg19 chr7:27,135,743-27,139,584</a>"], ["Rattus norvegicus (Rat)", "<a href=\"http://genome.ucsc.edu/cgi-bin/hgTracks?db=rn4&position=chr4:80,458,677-80,462,167\">rn4 chr4:80,458,677-80,462,167</a>"], ["Mus musculus (Mouse)", "<a href=\"http://genome.ucsc.edu/cgi-bin/hgTracks?db=mm9&position=chr6:52,108,521-52,112,282\">mm9 chr6:52,108,521-52,112,282</a>"]]|
|3229|;|Species|;|1|;|0|;|0|;|[["Species", "UCSC Genome Browser Link"], ["Homo sapiens (Human)", "<a href=\"http://genome.ucsc.edu/cgi-bin/hgTracks?db=hg19&position=chr8:123,704,461-123,704,784\">hg19 chr8:123,704,461-123,704,784</a>"]]|
|3228|;|Species|;|1|;|0|;|0|;|[["Species", "UCSC Genome Browser Link"], ["Homo sapiens (Human)", "<a href=\"http://genome.ucsc.edu/cgi-bin/hgTracks?db=hg19&position=chr10:127,700,961-127,703,160\">hg19 chr10:127,700,961-127,703,160</a>"]]|
|3091|;|Species|;|1|;|0|;|0|;|[["Species", "UCSC Genome Browser Link"], ["Cricetulus longicaudatus (Chinese hamster)", "N/A"], ["Cricetulus griseus (Chinese hamster)", "N/A"]]|
|3090|;|Species|;|1|;|0|;|0|;|[["Species", "UCSC Genome Browser Link"], ["Homo sapiens (Human)", "<a href=\"http://genome.ucsc.edu/cgi-bin/hgTracks?db=hg19&position=chr7:96,594,838-96,643,377\">hg19 chr7:96,594,838-96,643,377</a>"], ["Rattus norvegicus (Rat)", "<a href=\"http://genome.ucsc.edu/cgi-bin/hgTracks?db=rn4&position=chr4:31,722,073-31,770,275\">rn4 chr4:31,722,073-31,770,275</a>"], ["Mus musculus (Mouse)", "<a href=\"http://genome.ucsc.edu/cgi-bin/hgTracks?db=mm9&position=chr6:6,770,192-6,819,533\">mm9 chr6:6,770,192-6,819,533</a>"]]|
|3166|;|Species|;|1|;|0|;|0|;|[["Species", "UCSC Genome Browser Link"], ["Drosophila melanogaster (Fruit fly)", "<a href=\"http://genome.ucsc.edu/cgi-bin/hgTracks?db=dm3&position=chr3L:20,446,393-20,447,830\">dm3 chr3L:20,446,393-20,447,830</a>"]]|
|3092|;|Species|;|1|;|0|;|0|;|[["Species", "UCSC Genome Browser Link"], ["Homo sapiens (Human)", "<a href=\"http://genome.ucsc.edu/cgi-bin/hgTracks?db=hg19&position=chr1:173,833,039-173,837,125\">hg19 chr1:173,833,039-173,837,125</a>"], ["Rattus norvegicus (Rat)", "<a href=\"http://genome.ucsc.edu/cgi-bin/hgTracks?db=rn4&position=chr13:76,594,781-76,598,102\">rn4 chr13:76,594,781-76,598,102</a>"], ["Mus musculus (Mouse)", "<a href=\"http://genome.ucsc.edu/cgi-bin/hgTracks?db=mm9&position=chr1:162,965,297-162,968,668\">mm9 chr1:162,965,297-162,968,668</a>"], ["Gallus Gallus (Chicken)", "<a href=\"http://genome.ucsc.edu/cgi-bin/hgTracks?db=galGal3&position=chr8:7,728,043-7,735,232\">galGal3 chr8:7,728,043-7,735,232</a>"]]|
|3223|;|Species|;|1|;|0|;|0|;|[["Species", "UCSC Genome Browser Link"], ["Human herpesvirus ", "NULL"]]|
|3222|;|Species|;|1|;|0|;|0|;|[["Species", "UCSC Genome Browser Link"], ["Mus musculus (Mouse)", "<a href=\"http://genome.ucsc.edu/cgi-bin/hgTracks?db=mm9&position=chr8:88,518,143-88,520,561\">mm9 chr8:88,518,143-88,520,561</a>"]]|
|3097|;|Species|;|1|;|0|;|0|;|[["Species", "UCSC Genome Browser Link"], ["Rattus norvegicus (Rat)", "<a href=\"http://genome.ucsc.edu/cgi-bin/hgTracks?db=rn4&position=chr7:141,707,460-141,711,096\">rn4 chr7:141,707,460-141,711,096</a>"], ["Canis familiaris (Dog)", "<a href=\"http://genome.ucsc.edu/cgi-bin/hgTracks?db=canFam2&position=chr27:4,295,507-4,301,867\">canFam2 chr27:4,295,507-4,301,867</a>"], ["Pan troglodytes (Chimpanzee)", "<a href=\"http://genome.ucsc.edu/cgi-bin/hgTracks?db=panTro2&position=chr12:35,582,642-35,589,071\">panTro2 chr12:35,582,642-35,589,071</a>"], ["Mus musculus (Mouse)", "<a href=\"http://genome.ucsc.edu/cgi-bin/hgTracks?db=mm9&position=chr15:102,774,493-102,778,161\">mm9 chr15:102,774,493-102,778,161</a>"], ["Macaca mulatta  (Rhesus macaque)", "<a href=\"http://genome.ucsc.edu/cgi-bin/hgTracks?db=rheMac2&position=chr11:51,060,391-51,066,832\">rheMac2 chr11:51,060,391-51,066,832</a>"], ["Homo sapiens (Human)", "<a href=\"http://genome.ucsc.edu/cgi-bin/hgTracks?db=hg19&position=chr12:54,356,092-54,368,740\">hg19 chr12:54,356,092-54,368,740</a>"]]|
|3163|;|Species|;|1|;|0|;|0|;|[["Species", "UCSC Genome Browser Link"], ["Homo sapiens (Human)", "NULL"]]|
|3220|;|Species|;|1|;|0|;|0|;|[["Species", "UCSC Genome Browser Link"], ["Homo sapiens (Human)", "<a href=\"http://genome.ucsc.edu/cgi-bin/hgTracks?db=hg19&position=chr8:134,067,204-134,070,012\">hg19 chr8:134,067,204-134,070,012</a>"]]|
|3272|;|Species|;|1|;|0|;|0|;|[["Species", "UCSC Genome Browser Link"], ["Arabidopsis thaliana (Mouse-ear cress)", "NULL"]]|
|3089|;|Species|;|1|;|0|;|0|;|[["Species", "UCSC Genome Browser Link"], ["Homo sapiens (Human)", "<a href=\"http://genome.ucsc.edu/cgi-bin/hgTracks?db=hg19&position=chr5:79,950,179-79,950,765\">hg19 chr5:79,950,179-79,950,765</a>"]]|
|3111|;|Species|;|1|;|0|;|0|;|[["Species", "UCSC Genome Browser Link"], ["Homo sapiens (Human)", "<a href=\"http://genome.ucsc.edu/cgi-bin/hgTracks?db=hg19&position=chr10:24,536,054-24,544,975\">hg19 chr10:24,536,054-24,544,975</a>"]]|
|3151|;|Species|;|1|;|0|;|0|;|[["Species", "UCSC Genome Browser Link"], ["Homo sapiens (Human)", "<a href=\"http://genome.ucsc.edu/cgi-bin/hgTracks?db=hg19&position=chr11:8,960,582-8,960,712\">hg19 chr11:8,960,582-8,960,712</a>"]]|
|3150|;|Species|;|1|;|0|;|0|;|[["Species", "UCSC Genome Browser Link"], ["Rattus norvegicus (Rat)", "<a href=\"http://genome.ucsc.edu/cgi-bin/hgTracks?db=rn4&position=chr6:134,182,037-134,187,063\">rn4 chr6:134,182,037-134,187,063</a>"], ["Ovis aries (Sheep)", "N/A"], ["Canis familiaris (Dog)", "<a href=\"http://genome.ucsc.edu/cgi-bin/hgTracks?db=canFam2&position=chr8:72,143,292-72,151,777\">canFam2 chr8:72,143,292-72,151,777</a>"], ["Bos taurus (Cattle)", "<a href=\"http://genome.ucsc.edu/cgi-bin/hgTracks?db=bosTau4&position=chr21:65,866,204-65,870,198\">bosTau4 chr21:65,866,204-65,870,198</a>"], ["Cavia porcellus (Guinea pig)", "<a href=\"http://genome.ucsc.edu/cgi-bin/hgTracks?db=cavPor3&position=scaffold_111:951,444-955,421\">cavPor3 scaffold_111:951,444-955,421</a>"], ["Mus musculus (Mouse)", "<a href=\"http://genome.ucsc.edu/cgi-bin/hgTracks?db=mm9&position=chr12:110,828,763-110,831,063\">mm9 chr12:110,828,763-110,831,063</a>"], ["Equus caballus (Horse)", "<a href=\"http://genome.ucsc.edu/cgi-bin/hgTracks?db=equCab2&position=chr24:42,745,007-42,748,761\">equCab2 chr24:42,745,007-42,748,761</a>"], ["Homo sapiens (Human)", "<a href=\"http://genome.ucsc.edu/cgi-bin/hgTracks?db=hg19&position=chr14:101,347,344-101,351,120\">hg19 chr14:101,347,344-101,351,120</a>"]]|
|3152|;|Species|;|1|;|0|;|0|;|[["Species", "UCSC Genome Browser Link"], ["Rattus norvegicus (Rat)", "NULL"]]|
|3113|;|Species|;|1|;|0|;|0|;|[["Species", "UCSC Genome Browser Link"], ["Mus musculus (Mouse)", "<a href=\"http://genome.ucsc.edu/cgi-bin/hgTracks?db=mm9&position=chrX:100,676,608-100,678,237\">mm9 chrX:100,676,608-100,678,237</a>"]]|
|3157|;|Species|;|1|;|0|;|0|;|[["Species", "UCSC Genome Browser Link"], ["Drosophila melanogaster (Fruit fly)", "<a href=\"http://genome.ucsc.edu/cgi-bin/hgTracks?db=dm3&position=chr2L:11,956,221-11,971,094\">dm3 chr2L:11,956,221-11,971,094</a>"]]|
|3156|;|Species|;|1|;|0|;|0|;|[["Species", "UCSC Genome Browser Link"], ["Mus musculus (Mouse)", "<a href=\"http://genome.ucsc.edu/cgi-bin/hgTracks?db=mm9&position=chr10:60,390,974-60,400,880\">mm9 chr10:60,390,974-60,400,880</a>"]]|
|3158|;|Species|;|1|;|0|;|0|;|[["Species", "UCSC Genome Browser Link"], ["Oryza sativa (Rice)", "N/A"], ["Brassica rapa (Turnip)", "N/A"], ["Medicago truncatula  (Barrel Clover)", "N/A"], ["Populus tremula (European aspen)", "N/A"], ["Medicago sativa (Alfalfa)", "N/A"], ["Glycine max (Soybean)", "N/A"], ["Vitis vinifera (Grape)", "N/A"], ["Lycopersicon esculentum (Tomato)", "N/A"]]|
|3112|;|Species|;|1|;|0|;|0|;|[["Species", "UCSC Genome Browser Link"], ["Rattus norvegicus (Rat)", "<a href=\"http://genome.ucsc.edu/cgi-bin/hgTracks?db=rn4&position=chr9:72,706,829-72,723,152\">rn4 chr9:72,706,829-72,723,152</a>"], ["Mus musculus (Mouse)", "<a href=\"http://genome.ucsc.edu/cgi-bin/hgTracks?db=mm9&position=chr1:73,437,959-73,454,143\">mm9 chr1:73,437,959-73,454,143</a>"]]|
|3082|;|Species|;|1|;|0|;|0|;|[["Species", "UCSC Genome Browser Link"], ["Rattus norvegicus (Rat)", "N/A"], ["Microcricetus aureus (Syrian golden hamster)", "N/A"], ["Mus musculus (Mouse)", "<a href=\"http://genome.ucsc.edu/cgi-bin/hgTracks?db=mm9&position=chr7:100,808,784-100,808,949\">mm9 chr7:100,808,784-100,808,949</a>"], ["Cavia porcellus (Guinea pig)", "N/A"]]|
|3238|;|Species|;|1|;|0|;|0|;|[["Species", "UCSC Genome Browser Link"], ["Arabidopsis thaliana (Mouse-ear cress)", "N/A"]]|
|3239|;|Species|;|1|;|0|;|0|;|[["Species", "UCSC Genome Browser Link"], ["Arabidopsis thaliana (Mouse-ear cress)", "N/A"]]|
|3083|;|Species|;|1|;|0|;|0|;|[["Species", "UCSC Genome Browser Link"], ["Mus musculus (Mouse)", "<a href=\"http://genome.ucsc.edu/cgi-bin/hgTracks?db=mm9&position=chr15:38,643,238-38,658,275\">mm9 chr15:38,643,238-38,658,275</a>"]]|
|3234|;|Species|;|1|;|0|;|0|;|[["Species", "UCSC Genome Browser Link"], ["Mus musculus (Mouse)", "<a href=\"http://genome.ucsc.edu/cgi-bin/hgTracks?db=mm9&position=chr5:100,849,861-100,858,535\">mm9 chr5:100,849,861-100,858,535</a>"], ["Cricetulus griseus (Chinese hamster)", "N/A"]]|
|3236|;|Species|;|1|;|0|;|0|;|[["Species", "UCSC Genome Browser Link"], ["Saccharomyces cerevisiae (Baker's yeast)", "N/A"]]|
|3237|;|Species|;|1|;|0|;|0|;|[["Species", "UCSC Genome Browser Link"], ["Mus musculus (Mouse)", "<a href=\"http://genome.ucsc.edu/cgi-bin/hgTracks?db=mm9&position=chr2:71,368,695-71,375,948\">mm9 chr2:71,368,695-71,375,948</a>"]]|
|3232|;|Species|;|1|;|0|;|0|;|[["Species", "UCSC Genome Browser Link"], ["Homo sapiens (Human)", "<a href=\"http://genome.ucsc.edu/cgi-bin/hgTracks?db=hg19&position=chr20:61,726,845-61,733,671\">hg19 chr20:61,726,845-61,733,671</a>"], ["Macaca fascicularis (Crab eating macaque)", "N/A"], ["Pan troglodytes (Chimpanzee)", "<a href=\"http://genome.ucsc.edu/cgi-bin/hgTracks?db=panTro2&position=chr20:61,015,902-61,023,528\">panTro2 chr20:61,015,902-61,023,528</a>"]]|
|3201|;|Species|;|1|;|0|;|0|;|[["Species", "UCSC Genome Browser Link"], ["Homo sapiens (Human)", "<a href=\"http://genome.ucsc.edu/cgi-bin/hgTracks?db=hg19&position=chr1:231,945,691-231,960,682\">hg19 chr1:231,945,691-231,960,682</a>"]]|
|3200|;|Species|;|1|;|0|;|0|;|[["Species", "UCSC Genome Browser Link"], ["Rattus norvegicus (Rat)", "N/A"], ["Mus musculus (Mouse)", "<a href=\"http://genome.ucsc.edu/cgi-bin/hgTracks?db=mm9&position=chr18:37,205,741-37,205,917\">mm9 chr18:37,205,741-37,205,917</a>"], ["Cricetulus griseus (Chinese hamster)", "N/A"]]|
|3144|;|Species|;|1|;|0|;|0|;|[["Species", "UCSC Genome Browser Link"], ["Mus musculus (Mouse)", "<a href=\"http://genome.ucsc.edu/cgi-bin/hgTracks?db=mm9&position=chr7:51,805,355-51,809,271\">mm9 chr7:51,805,355-51,809,271</a>"]]|
|3145|;|Species|;|1|;|0|;|0|;|[["Species", "UCSC Genome Browser Link"], ["Homo sapiens (Human)", "<a href=\"http://genome.ucsc.edu/cgi-bin/hgTracks?db=hg19&position=chr20:57,393,973-57,425,958\">hg19 chr20:57,393,973-57,425,958</a>"], ["Mus musculus (Mouse)", "<a href=\"http://genome.ucsc.edu/cgi-bin/hgTracks?db=mm9&position=chr2:174,106,738-174,120,937\">mm9 chr2:174,106,738-174,120,937</a>"]]|
|3142|;|Species|;|1|;|0|;|0|;|[["Species", "UCSC Genome Browser Link"], ["Homo sapiens (Human)", "<a href=\"http://genome.ucsc.edu/cgi-bin/hgTracks?db=hg19&position=chr11:5,304,740-5,305,929\">hg19 chr11:5,304,740-5,305,929</a>"], ["Mus musculus (Mouse)", "NULL"]]|
|3140|;|Species|;|1|;|0|;|0|;|[["Species", "UCSC Genome Browser Link"], ["Homo sapiens (Human)", "<a href=\"http://genome.ucsc.edu/cgi-bin/hgTracks?db=hg19&position=chr14:50,053,297-50,053,596\">hg19 chr14:50,053,297-50,053,596</a>"]]|
|3206|;|Species|;|1|;|0|;|0|;|[["Species", "UCSC Genome Browser Link"], ["Homo sapiens (Human)", "<a href=\"http://genome.ucsc.edu/cgi-bin/hgTracks?db=hg19&position=chr11:2,161,737-2,169,894\">hg19 chr11:2,161,737-2,169,894</a>"], ["Sus scrofa (Pig)", "N/A"], ["Pan troglodytes (Chimpanzee)", "<a href=\"http://genome.ucsc.edu/cgi-bin/hgTracks?db=panTro2&position=chr11:2,189,187-2,198,328\">panTro2 chr11:2,189,187-2,198,328</a>"], ["Mus musculus (Mouse)", "<a href=\"http://genome.ucsc.edu/cgi-bin/hgTracks?db=mm9&position=chr7:149,845,598-149,856,261\">mm9 chr7:149,845,598-149,856,261</a>"]]|
|3148|;|Species|;|1|;|0|;|0|;|[["Species", "UCSC Genome Browser Link"], ["Homo sapiens (Human)", "NULL"], ["Mus musculus (Mouse)", "<a href=\"http://genome.ucsc.edu/cgi-bin/hgTracks?db=mm9&position=chr5:38,211,803-38,213,990\">mm9 chr5:38,211,803-38,213,990</a>"]]|
|3149|;|Species|;|1|;|0|;|0|;|[["Species", "UCSC Genome Browser Link"], ["Homo sapiens (Human)", "<a href=\"http://genome.ucsc.edu/cgi-bin/hgTracks?db=hg19&position=chr14:101,508,671-101,541,625\">hg19 chr14:101,508,671-101,541,625</a>"], ["Rattus norvegicus (Rat)", "<a href=\"http://genome.ucsc.edu/cgi-bin/hgTracks?db=rn4&position=chr6:134,410,685-134,431,542\">rn4 chr6:134,410,685-134,431,542</a>"], ["Ovis aries (Sheep)", "N/A"], ["Mus musculus (Mouse)", "<a href=\"http://genome.ucsc.edu/cgi-bin/hgTracks?db=mm9&position=chr12:110,967,974-110,987,668\">mm9 chr12:110,967,974-110,987,668</a>"]]|
|3077|;|Species|;|1|;|0|;|0|;|[["Species", "UCSC Genome Browser Link"], ["Homo sapiens (Human)", "N/A"], ["Mus musculus (Mouse)", "<a href=\"http://genome.ucsc.edu/cgi-bin/hgTracks?db=mm9&position=chr17:12,934,177-13,052,750\">mm9 chr17:12,934,177-13,052,750</a>"]]|
|3079|;|Species|;|1|;|0|;|0|;|[["Species", "UCSC Genome Browser Link"], ["Homo sapiens (Human)", "<a href=\"http://genome.ucsc.edu/cgi-bin/hgTracks?db=hg19&position=chr9:21,994,790-22,121,093\">hg19 chr9:21,994,790-22,121,093</a>"]]|
|3078|;|Species|;|1|;|0|;|0|;|[["Species", "UCSC Genome Browser Link"], ["Papio hamadryas (Hamadryas baboon)", "N/A"], ["Macaca fascicularis (Crab eating macaque)", "N/A"], ["Gorilla gorilla (Western Gorilla)", "N/A"], ["Saguinus imperator (Emperor tamarin)", "N/A"], ["Hylobates lar (Common gibbon)", "N/A"], ["Pongo pygmaeus  (Bornean orangutan)", "<a href=\"http://genome.ucsc.edu/cgi-bin/hgTracks?db=ponAbe2&position=chr2a:63,996,093-63,996,298\">ponAbe2 chr2a:63,996,093-63,996,298</a>"], ["Pan troglodytes (Chimpanzee)", "<a href=\"http://genome.ucsc.edu/cgi-bin/hgTracks?db=panTro2&position=chr2a:48,471,965-48,472,169\">panTro2 chr2a:48,471,965-48,472,169</a>"], ["Saguinus oedipus (Cotton-top tamarin)", "N/A"], ["Macaca mulatta  (Rhesus macaque)", "N/A"], ["Cercopithecus aethiops (Green monkey) (Grivet) ", "N/A"], ["Pan paniscus (Pygmy chimpanzee) (Bonobo) ", "N/A"], ["Homo sapiens (Human)", "<a href=\"http://genome.ucsc.edu/cgi-bin/hgTracks?db=hg19&position=chr2:47,562,454-47,562,653\">hg19 chr2:47,562,454-47,562,653</a>"], ["Aotus trivirgatus (Night monkey) ", "N/A"]]|
